version,doi,A_WAVE,A_YEAR,A_STUDY,B_COUNTRY,B_COUNTRY_ALPHA,C_COW_NUM,C_COW_ALPHA,D_INTERVIEW,S007,J_INTDATE,FW_START,FW_END,K_TIME_START,K_TIME_END,K_DURATION,Q_MODE,N_REGION_ISO,N_REGION_WVS,N_REGION_NUTS2,N_REG_NUTS1,N_TOWN,G_TOWNSIZE,G_TOWNSIZE2,H_SETTLEMENT,H_URBRURAL,I_PSU,O1_LONGITUDE,O2_LATITUDE,L_INTERVIEWER_NUMBER,S_INTLANGUAGE,LNGE_ISO,E_RESPINT,F_INTPRIVACY,E1_LITERACY,W_WEIGHT,S018,PWGHT,S025,Q1,Q2,Q3,Q4,Q5,Q6,Q7,Q8,Q9,Q10,Q11,Q12,Q13,Q14,Q15,Q16,Q17,Q18,Q19,Q20,Q21,Q22,Q23,Q24,Q25,Q26,Q27,Q28,Q29,Q30,Q31,Q32,Q33,Q33_3,Q34,Q34_3,Q35,Q35_3,Q36,Q37,Q38,Q39,Q40,Q41,Q42,Q43,Q44,Q45,Q46,Q47,Q48,Q49,Q50,Q51,Q52,Q53,Q54,Q55,Q56,Q57,Q58,Q59,Q60,Q61,Q62,Q63,Q64,Q65,Q66,Q67,Q68,Q69,Q70,Q71,Q72,Q73,Q74,Q75,Q76,Q77,Q78,Q79,Q80,Q81,Q82,Q82_AFRICANUNION,Q82_APEC,Q82_ARABLEAGUE,Q82_ASEAN,Q82_CIS,Q82_CUSMA,Q82_ECO,Q82_EU,Q82_GULFCOOP,Q82_ISLCOOP,Q82_MERCOSUR,Q82_NAFTA,Q82_OAS,Q82_SAARC,Q82_SCO,Q82_TLC,Q82_UNDP,Q83,Q84,Q85,Q86,Q87,Q88,Q89,Q90,Q91,Q92,Q93,Q94,Q94R,Q95,Q95R,Q96,Q96R,Q97,Q97R,Q98,Q98R,Q99,Q99R,Q100,Q100R,Q101,Q101R,Q102,Q102R,Q103,Q103R,Q104,Q104R,Q105,Q105R,Q106,Q107,Q108,Q109,Q110,Q111,Q112,Q113,Q114,Q115,Q116,Q117,Q118,Q119,Q120,Q121,Q122,Q123,Q124,Q125,Q126,Q127,Q128,Q129,Q130,Q131,Q132,Q133,Q134,Q135,Q136,Q137,Q138,Q139,Q140,Q141,Q142,Q143,Q144,Q145,Q146,Q147,Q148,Q149,Q150,Q151,Q152,Q153,Q154,Q155,Q156,Q157,Q158,Q159,Q160,Q161,Q162,Q163,Q164,Q165,Q166,Q167,Q168,Q169,Q170,Q171,Q172,Q172R,Q173,Q174,Q175,Q176,Q177,Q178,Q179,Q180,Q181,Q182,Q183,Q184,Q185,Q186,Q187,Q188,Q189,Q190,Q191,Q192,Q193,Q194,Q195,Q196,Q197,Q198,Q199,Q200,Q201,Q202,Q203,Q204,Q205,Q206,Q207,Q208,Q209,Q210,Q211,Q212,Q213,Q214,Q215,Q216,Q217,Q218,Q219,Q220,Q221,Q222,Q223,Q223_ABREV,Q223_LOCAL,Q224,Q225,Q226,Q227,Q228,Q229,Q230,Q231,Q232,Q233,Q234,Q234A,Q235,Q236,Q237,Q238,Q239,Q240,Q241,Q242,Q243,Q244,Q245,Q246,Q247,Q248,Q249,Q250,Q251,Q252,Q253,Q254,Q255,Q256,Q257,Q258,Q259,Q260,Q261,Q262,X003R,X003R2,Q263,Q264,V002,Q265,V001,Q266,X002_02B,Q267,V002A_01,Q268,V001A_01,Q269,Q270,Q271,Q272,Q273,Q274,Q275,Q275A,Q275R,Q276,Q276A,Q276R,Q277,Q277A,Q277R,Q278,Q278A,Q278R,Q279,Q280,Q281,Q282,Q283,Q284,Q285,Q286,Q287,Q288,Q288R,Q289,Q289CS9,Q290,Q291G1,Q291G2,Q291G3,Q291G4,Q291G5,Q291G6,Q291P1,Q291P2,Q291P3,Q291P4,Q291P5,Q291P6,Q291UN1,Q291UN2,Q291UN3,Q291UN4,Q291UN5,Q291UN6,Q292A,Q292B,Q292C,Q292D,Q292E,Q292F,Q292G,Q292H,Q292I,Q292J,Q292K,Q292L,Q292M,Q292N,Q292O,Q293,Q294A,Q294B,Y001,Y002,Y003,SACSECVAL,RESEMAVAL,I_AUTHORITY,I_NATIONALISM,I_DEVOUT,DEFIANCE,I_RELIGIMP,I_RELIGBEL,I_RELIGPRAC,DISBELIEF,I_NORM1,I_NORM2,I_NORM3,RELATIVISM,I_TRUSTARMY,I_TRUSTPOLICE,I_TRUSTCOURTS,SCEPTICISM,I_INDEP,I_IMAGIN,I_NONOBED,AUTONOMY,I_WOMJOB,I_WOMPOL,I_WOMEDU,EQUALITY,I_HOMOLIB,I_ABORTLIB,I_DIVORLIB,CHOICE,I_VOICE1,I_VOICE2,I_VOI2_00,VOICE,SECVALWGT,RESEMAVALWGT,fhregion,polregfh,freestfh,prfhrat,prfhscore,clfhrat,clfhscore,democ,autoc,polity,durable,regtype,ruleoflaw,corrupttransp,electintegr,btiregion,btistatus,btidemstatus,btistate,btipolpart,btiruleoflaw,btistability,btiintegration,btimarket,btigovindex,btigoveperform,btiregime,regionWB,incomeWB,landWB,GDPpercap1,GDPpercap2,giniWB,incrichest10p,popWB1990,popWB2000,popWB2019,lifeexpect,popgrowth,urbanpop,laborforce,deathrate,unemployfem,unemploymale,unemploytotal,accessclfuel,accesselectr,renewelectr,co2emis,co2percap,easeofbusiness,militaryexp,Trade,healthexp,educationexp,medageun,meanschooling,educationHDI,compulseduc,GII,DGI,womenparl,hdi,incomeindexHDI,humanineqiality,lifeexpectHDI,homiciderate,Refugeesorigin,internetusers,mobphone,migrationrate,schoolgpi,femchoutsch,choutsch,v2x_polyarchy,v2x_libdem,v2x_partipdem,v2x_delibdem,v2x_egaldem,v2x_freexp_altinf,v2x_frassoc_thick,v2xel_frefair,v2xcl_rol,v2x_cspart,v2xeg_eqdr,v2excrptps,v2exthftps,v2juaccnt,v2cltrnslw,v2clacjust,v2clsocgrp,v2clacfree,v2clrelig,v2csrlgrep,v2mecenefm,v2mecenefi,v2mebias,v2pepwrses,v2pepwrgen,v2peedueq,v2pehealth,v2peapsecon,v2peasjsoecon,v2clgencl,v2peasjgen,v2peasbgen,v2cafres,v2cafexch,v2x_corr,v2x_gender,v2x_gencl,v2x_genpp,v2x_rule,v2xcl_acjst,td_voiacc,td_polstab,td_goveff,td_regqual,td_rulelaw,td_ctrlcorr,ID_GPS,ID_PartyFacts,Partyname,Partyabb,CPARTY,CPARTYABB,Type_Values,Type_Populism,Type_Populist_Values,Type_Partysize_vote,Type_Partysize_seat,GPS_V4_Scale,GPS_V6_Scale,GPS_V8_Scale,GPS_V9,GPS_V10,GPS_V11,GPS_V12,GPS_V13,GPS_V14,GPS_V15,GPS_V16,GPS_V17,WVS_LR_PartyVoter,WVS_LibCon_PartyVoter,WVS_Polmistrust_PartyVoter,WVS_LR_MedianVoter,WVS_LibCon_MedianVoter,v2psbars,v2psorgs,v2psprbrch,v2psprlnks,v2psplats,v2xnp_client,v2xps_party
6-0-0 (2024-04-30),doi.org/10.14281/18241.24,7,2018,2,20,AND,232,AND,20070001,20720001,20180704,201807,201809,18.2,19.48,88,2,20007,20005,-4,-3,20005,5,3,1,1,-4,1.52,42.51,-5,810,ca,1,1,-4,1,0.9960159,0.006844622,202018,1,1,1,3,1,4,1,1,2,1,1,2,2,2,2,2,1,1,2,1,2,2,2,1,2,2,3,3,3,3,3,3,4,2,2,1,3,3,3,4,3,2,3,3,2,2,3,1,1,3,10,10,5,4,4,4,4,4,1,2,1,2,2,2,2,2,1,-4,1,1,1,1,1,1,1,1,1,1,1,2,2,2,2,2,2,-4,-4,-4,-4,-4,-4,-4,2,-4,-4,-4,-4,-4,-4,-4,-4,-4,2,2,2,2,2,2,2,6,-2,3,-2,0,0,0,0,0,0,0,0,0,0,0,0,0,0,0,0,0,0,0,0,0,0,0,0,5,8,2,10,2,2,2,-2,-2,-2,-2,-2,1,2,6,5,1,-2,0,2,0,-2,2,0,2,1,4,4,4,4,4,4,4,2,2,2,2,2,2,2,4,2,4,1,2,1,1,4,3,1,1,3,7,6,7,5,2,6,7,1,1,2,1,3,1,7,6,3,1,2,2,4,1,1,1,1,1,4,3,2,5,4,1,1,1,1,1,1,1,1,1,2,4,4,2,2,2,2,1,5,5,5,5,2,2,3,3,3,3,3,3,3,3,3,3,3,1,1,20001,20001,20001,3,4,2,3,1,2,3,4,2,3,2,2,4,4,4,2,3,6,7,2,8,8,1,7,7,7,6,8,8,8,2,5,1,1,1,1,1,2,1958,60,5,3,2,2,0,2,0,724,ES,724,ES,724,ES,2,2,1,1270,1,2,3,20003,2,3,20003,2,3,20003,2,3,20003,2,1,1,4,7,9,2,2,3,3,5,2,1,10100000,20001,-4,-4,-4,-4,-4,-4,-4,-4,-4,-4,-4,-4,-4,-4,-4,-4,-4,-4,-4,-4,-4,-4,-4,-4,-4,-4,-4,-4,-4,-4,-4,-4,-4,-4,-4,-4,1,1,0,0.287062,0.413241,0,,0.66,0.38258,1,0,1,0.666667,0,0,0,0,,0,0,0.099,1,1,0,0.666667,0.75,0.66,0.66,0.69,0.333333,0.111111,0.444444,0.296296,0,0,0,0,0.83,1,4,3,94,1,39,1,55,-9999,-9999,-9999,-9999,-9999,-9999,-9999,-9999,-9999,-9999,-9999,-9999,-9999,-9999,-9999,-9999,-9999,-9999,-9999,-9999,6,4,470,0,0,-9999,-9999,54509,65390,77142,-9999,0.18,87.98,-9999,4.4,-9999,-9999,-9999,100,100,86.12,469.38,6.07,-9999,-9999,-9999,10.32,3.2,-9999,10.2,0.708,10,-9999,-9999,46.43,0.857,0.935,-9999,0.951,0,0,91.6,107.3,-9999,0.96,-9999,-9999,-9999,-9999,-9999,-9999,-9999,-9999,-9999,-9999,-9999,-9999,-9999,-9999,-9999,-9999,-9999,-9999,-9999,-9999,-9999,-9999,-9999,-9999,-9999,-9999,-9999,-9999,-9999,-9999,-9999,-9999,-9999,-9999,-9999,-9999,-9999,-9999,-9999,-9999,-9999,-9999,1.11,1.6,1.9,1.23,1.57,1.23,-999,-999,,,,,-999,-999,-999,-999,-999,-999,-999,-999,-999,-999,-999,-999,-999,-999,-999,-999,-999,5.944634375,3.908421148,62.43421053,-999,-999,-999,-999,-999,-999,-999,-999,-999
6-0-0 (2024-04-30),doi.org/10.14281/18241.24,7,2018,2,20,AND,232,AND,20070002,20720002,20180714,201807,201809,9.35,11,85,2,20003,20002,-4,-3,20002,3,2,2,1,-4,1.53,42.51,-5,810,ca,1,1,-4,1,0.9960159,0.006844622,202018,1,1,1,4,1,4,1,2,1,1,2,1,2,2,2,2,1,1,2,2,2,2,2,2,2,2,3,3,3,3,3,3,4,2,2,1,4,2,2,4,2,2,2,2,2,2,1,1,1,1,9,9,9,4,4,4,4,4,1,2,1,2,2,3,2,2,4,-4,3,3,4,3,3,4,4,4,3,2,3,3,3,3,3,3,3,-4,-4,-4,-4,-4,-4,-4,3,-4,-4,-4,-4,-4,-4,-4,-4,-4,3,3,3,3,3,3,3,6,3,3,2,0,0,2,1,2,1,0,0,0,0,0,0,0,0,0,0,0,0,0,0,0,0,0,0,5,2,2,2,2,3,10,3,3,3,3,3,1,3,2,4,2,2,1,0,0,2,0,1,2,1,4,4,4,4,4,4,4,2,2,2,2,2,2,2,4,4,4,2,2,1,1,4,4,2,1,4,9,9,9,2,2,10,1,2,2,2,2,3,3,7,8,4,2,2,2,-2,1,1,1,1,1,9,5,9,9,10,1,9,1,1,1,1,5,1,1,1,4,4,4,2,2,2,5,1,1,1,1,1,1,2,2,2,1,2,1,1,1,2,2,3,1,1,20001,20001,20001,1,4,1,4,1,1,3,4,1,1,1,1,4,4,4,2,4,5,9,7,10,6,1,10,4,5,10,10,6,6,1,1,1,1,1,1,1,1,1971,47,4,2,1,2,0,2,0,20,AD,724,ES,724,ES,1,4,1,1270,2,0,7,20007,3,6,20006,3,3,20003,2,3,20003,2,1,1,1,3,4,2,1,1,2,9,3,1,10100000,20001,-4,-4,-4,-4,-4,-4,-4,-4,-4,-4,-4,-4,-4,-4,-4,-4,-4,-4,-4,-4,-4,-4,-4,-4,-4,-4,-4,-4,-4,-4,-4,-4,-4,-4,-4,-4,2,3,-1,0.467525,0.519722,0,0,0.66,0.22,1,1,1,1,0,0,0,0,,0.66,0.66,0.6501,0,0,0,0,0.75,0.66,0.66,0.69,0.888889,0.888889,0.888889,0.888889,1,0,0.5,0.5,0.915,1,4,3,94,1,39,1,55,-9999,-9999,-9999,-9999,-9999,-9999,-9999,-9999,-9999,-9999,-9999,-9999,-9999,-9999,-9999,-9999,-9999,-9999,-9999,-9999,6,4,470,0,0,-9999,-9999,54509,65390,77142,-9999,0.18,87.98,-9999,4.4,-9999,-9999,-9999,100,100,86.12,469.38,6.07,-9999,-9999,-9999,10.32,3.2,-9999,10.2,0.708,10,-9999,-9999,46.43,0.857,0.935,-9999,0.951,0,0,91.6,107.3,-9999,0.96,-9999,-9999,-9999,-9999,-9999,-9999,-9999,-9999,-9999,-9999,-9999,-9999,-9999,-9999,-9999,-9999,-9999,-9999,-9999,-9999,-9999,-9999,-9999,-9999,-9999,-9999,-9999,-9999,-9999,-9999,-9999,-9999,-9999,-9999,-9999,-9999,-9999,-9999,-9999,-9999,-9999,-9999,1.11,1.6,1.9,1.23,1.57,1.23,-999,-999,,,,,-999,-999,-999,-999,-999,-999,-999,-999,-999,-999,-999,-999,-999,-999,-999,-999,-999,5.944634375,3.908421148,62.43421053,-999,-999,-999,-999,-999,-999,-999,-999,-999
6-0-0 (2024-04-30),doi.org/10.14281/18241.24,7,2018,2,20,AND,232,AND,20070003,20720003,20180704,201807,201809,10.15,10.45,30,2,20003,20002,-4,-3,20002,3,2,2,1,-4,1.58,42.53,-5,810,ca,1,1,-4,1,0.9960159,0.006844622,202018,1,2,2,2,3,3,2,1,2,1,1,1,2,1,2,2,2,1,2,2,2,2,2,1,2,2,3,3,3,3,3,-2,4,2,4,2,2,1,4,4,3,2,4,4,2,1,2,1,2,1,9,9,8,4,4,4,3,4,2,2,1,3,2,4,3,3,2,-4,4,4,3,2,2,3,3,3,3,2,3,3,2,2,2,2,2,-4,-4,-4,-4,-4,-4,-4,2,-4,-4,-4,-4,-4,-4,-4,-4,-4,2,3,2,2,3,3,3,4,3,2,2,0,0,0,0,0,0,0,0,0,0,0,0,0,0,0,0,0,0,0,0,0,0,0,0,7,5,5,2,4,1,7,2,2,2,2,2,1,2,7,4,2,2,0,1,0,2,0,0,2,1,4,2,3,3,4,3,4,2,2,2,3,4,2,2,4,4,4,1,1,1,1,3,1,2,2,3,5,6,8,5,4,5,8,1,1,2,2,3,4,7,8,4,2,2,2,5,1,1,1,1,1,10,6,5,6,6,5,8,1,1,2,1,5,1,2,4,4,4,3,2,1,1,1,5,5,2,5,4,1,3,1,2,1,1,1,2,2,1,2,2,2,2,20001,20001,20001,1,4,2,2,-2,1,2,4,4,2,1,4,4,2,4,2,4,7,7,7,10,7,4,8,4,7,10,10,8,3,1,3,2,2,2,2,2,1,1969,48,4,2,2,2,0,2,0,724,ES,724,ES,724,ES,2,2,1,810,4,0,7,20007,3,-3,-3,-3,5,20005,3,6,20006,3,1,-3,5,-3,5,2,1,2,3,5,2,1,10100000,20001,-4,-4,-4,-4,-4,-4,-4,-4,-4,-4,-4,-4,-4,-4,-4,-4,-4,-4,-4,-4,-4,-4,-4,-4,-4,-4,-4,-4,-4,-4,-4,-4,-4,-4,-4,-4,4,2,2,0.425304,0.692917,0,0.66,0.66,0.44,0.66,1,1,0.886667,0,0,0,0,,0.33,0.33,0.37455,1,1,1,1,0.75,0.66,0.66,0.69,1,0.444444,0.555556,0.666667,0.33,0.5,0.415,0.415,0.915,1,4,3,94,1,39,1,55,-9999,-9999,-9999,-9999,-9999,-9999,-9999,-9999,-9999,-9999,-9999,-9999,-9999,-9999,-9999,-9999,-9999,-9999,-9999,-9999,6,4,470,0,0,-9999,-9999,54509,65390,77142,-9999,0.18,87.98,-9999,4.4,-9999,-9999,-9999,100,100,86.12,469.38,6.07,-9999,-9999,-9999,10.32,3.2,-9999,10.2,0.708,10,-9999,-9999,46.43,0.857,0.935,-9999,0.951,0,0,91.6,107.3,-9999,0.96,-9999,-9999,-9999,-9999,-9999,-9999,-9999,-9999,-9999,-9999,-9999,-9999,-9999,-9999,-9999,-9999,-9999,-9999,-9999,-9999,-9999,-9999,-9999,-9999,-9999,-9999,-9999,-9999,-9999,-9999,-9999,-9999,-9999,-9999,-9999,-9999,-9999,-9999,-9999,-9999,-9999,-9999,1.11,1.6,1.9,1.23,1.57,1.23,-999,-999,,,,,-999,-999,-999,-999,-999,-999,-999,-999,-999,-999,-999,-999,-999,-999,-999,-999,-999,5.944634375,3.908421148,62.43421053,-999,-999,-999,-999,-999,-999,-999,-999,-999
6-0-0 (2024-04-30),doi.org/10.14281/18241.24,7,2018,2,20,AND,232,AND,20070004,20720004,20180702,201807,201809,17.05,18.2,75,2,20003,20002,-4,-3,20002,3,2,2,1,-4,1.58,42.53,-5,810,ca,2,1,-4,1,0.9960159,0.006844622,202018,1,1,1,4,2,4,1,2,2,1,2,1,2,1,2,2,1,1,2,2,2,2,2,2,2,2,3,3,4,4,4,4,4,2,2,1,4,2,3,4,4,2,4,4,1,1,1,2,2,2,9,8,6,4,4,4,4,4,3,2,1,2,3,3,3,3,3,-4,3,3,3,3,3,3,3,3,3,-2,3,3,3,3,3,3,3,-4,-4,-4,-4,-4,-4,-4,3,-4,-4,-4,-4,-4,-4,-4,-4,-4,3,3,3,3,3,3,3,1,2,2,1,0,0,0,0,0,0,0,0,0,0,0,0,0,0,0,0,0,0,0,0,0,0,0,0,5,8,5,4,8,1,5,3,3,3,3,2,1,4,7,4,1,1,0,0,1,1,1,1,3,2,4,4,4,4,4,4,4,2,2,2,2,2,2,2,3,4,4,1,1,2,1,3,3,4,1,2,7,6,5,6,3,6,1,2,2,2,2,3,3,7,8,4,3,2,2,4,1,1,1,1,1,6,6,4,9,10,3,3,1,1,1,1,7,1,1,2,4,4,2,-2,1,2,5,5,5,5,5,5,2,2,2,2,2,3,2,2,2,3,3,3,2,2,2,2,2,3,4,2,2,1,3,2,4,2,3,2,2,3,2,4,2,4,5,9,8,8,10,2,9,7,7,9,7,6,6,2,5,2,2,2,2,2,2,1956,62,5,3,2,2,0,2,0,724,ES,724,ES,724,ES,2,2,1,1270,2,1,2,20002,1,2,20002,1,1,20001,1,1,20001,1,1,1,4,6,9,2,2,2,4,4,2,0,100000020,20001,-4,-4,-4,-4,-4,-4,-4,-4,-4,-4,-4,-4,-4,-4,-4,-4,-4,-4,-4,-4,-4,-4,-4,-4,-4,-4,-4,-4,-4,-4,-4,-4,-4,-4,-4,-4,3,2,0,0.55617,0.481065,0.5,,0.66,0.57458,1,1,1,1,0,0,0,0,,0.66,0.66,0.6501,0,0,0,0,0.75,1,1,0.916667,0.555556,0.333333,0.888889,0.592593,0.33,0.5,0.415,0.415,0.83,1,4,3,94,1,39,1,55,-9999,-9999,-9999,-9999,-9999,-9999,-9999,-9999,-9999,-9999,-9999,-9999,-9999,-9999,-9999,-9999,-9999,-9999,-9999,-9999,6,4,470,0,0,-9999,-9999,54509,65390,77142,-9999,0.18,87.98,-9999,4.4,-9999,-9999,-9999,100,100,86.12,469.38,6.07,-9999,-9999,-9999,10.32,3.2,-9999,10.2,0.708,10,-9999,-9999,46.43,0.857,0.935,-9999,0.951,0,0,91.6,107.3,-9999,0.96,-9999,-9999,-9999,-9999,-9999,-9999,-9999,-9999,-9999,-9999,-9999,-9999,-9999,-9999,-9999,-9999,-9999,-9999,-9999,-9999,-9999,-9999,-9999,-9999,-9999,-9999,-9999,-9999,-9999,-9999,-9999,-9999,-9999,-9999,-9999,-9999,-9999,-9999,-9999,-9999,-9999,-9999,1.11,1.6,1.9,1.23,1.57,1.23,,,I would not vote,,,,,,,,,,,,,,,,,,,,,,,,,,,,,,,,
6-0-0 (2024-04-30),doi.org/10.14281/18241.24,7,2018,2,20,AND,232,AND,20070005,20720005,20180708,201807,201809,10.2,11.48,89,2,20003,20002,-4,-3,20002,3,2,2,1,-4,1.58,42.54,-5,810,ca,2,1,-4,1,0.9960159,0.006844622,202018,1,1,1,3,1,3,1,2,1,1,2,1,2,1,2,2,2,1,2,2,2,2,2,1,2,2,3,3,3,3,3,2,4,2,4,2,4,2,3,3,3,3,3,4,1,1,1,2,2,2,8,7,7,4,4,4,4,4,-2,2,1,2,2,3,3,3,3,-4,3,3,2,2,2,2,3,2,3,-2,3,2,3,3,3,3,2,-4,-4,-4,-4,-4,-4,-4,2,-4,-4,-4,-4,-4,-4,-4,-4,-4,2,2,2,2,3,2,3,2,3,2,2,0,0,0,0,0,0,0,0,0,0,0,0,0,0,0,0,0,0,0,0,0,0,0,0,4,7,7,2,6,1,5,2,2,2,2,1,1,3,7,4,1,2,1,1,0,2,1,1,3,2,4,4,4,4,4,4,4,2,2,2,2,2,2,2,3,2,4,1,2,2,1,3,3,1,1,3,7,7,6,5,2,6,4,2,2,2,2,3,3,7,8,4,2,2,2,5,1,1,1,1,1,8,6,5,7,8,1,5,1,1,1,1,6,1,1,1,4,4,2,2,1,2,5,2,2,2,2,2,1,3,1,1,1,3,2,2,1,2,2,3,2,2,20005,20005,20005,2,4,3,3,2,2,3,4,1,2,2,3,3,3,4,2,3,6,8,2,8,7,2,8,6,8,7,8,8,7,2,5,2,2,2,2,2,1,1969,49,4,2,2,2,0,2,0,724,ES,724,ES,724,ES,2,2,1,1270,2,0,2,20002,1,2,20002,1,1,20001,1,1,20001,1,1,1,4,5,8,2,1,1,4,4,2,0,100000020,20001,-4,-4,-4,-4,-4,-4,-4,-4,-4,-4,-4,-4,-4,-4,-4,-4,-4,-4,-4,-4,-4,-4,-4,-4,-4,-4,-4,-4,-4,-4,-4,-4,-4,-4,-4,-4,2,1,1,0.458949,0.475741,0.5,,0.66,0.57458,0.66,1,1,0.886667,0,0,0,0,,0.33,0.33,0.37455,0,0,1,0.333333,0.75,0.66,0.66,0.69,0.777778,0.444444,0.666667,0.62963,0,0.5,0.25,0.25,0.83,1,4,3,94,1,39,1,55,-9999,-9999,-9999,-9999,-9999,-9999,-9999,-9999,-9999,-9999,-9999,-9999,-9999,-9999,-9999,-9999,-9999,-9999,-9999,-9999,6,4,470,0,0,-9999,-9999,54509,65390,77142,-9999,0.18,87.98,-9999,4.4,-9999,-9999,-9999,100,100,86.12,469.38,6.07,-9999,-9999,-9999,10.32,3.2,-9999,10.2,0.708,10,-9999,-9999,46.43,0.857,0.935,-9999,0.951,0,0,91.6,107.3,-9999,0.96,-9999,-9999,-9999,-9999,-9999,-9999,-9999,-9999,-9999,-9999,-9999,-9999,-9999,-9999,-9999,-9999,-9999,-9999,-9999,-9999,-9999,-9999,-9999,-9999,-9999,-9999,-9999,-9999,-9999,-9999,-9999,-9999,-9999,-9999,-9999,-9999,-9999,-9999,-9999,-9999,-9999,-9999,1.11,1.6,1.9,1.23,1.57,1.23,-999,-999,,,,,-999,-999,-999,-999,-999,-999,-999,-999,-999,-999,-999,-999,-999,-999,-999,-999,-999,3.899766714,2.816575639,66.96428571,-999,-999,-999,-999,-999,-999,-999,-999,-999
6-0-0 (2024-04-30),doi.org/10.14281/18241.24,7,2018,2,20,AND,232,AND,20070006,20720006,20180724,201807,201809,12.15,13,45,2,20006,20006,-4,-3,20006,3,2,2,1,-4,1.52,42.5,-5,1270,es,1,1,-4,1,0.9960159,0.006844622,202018,1,3,1,4,1,3,1,2,2,1,2,1,1,2,2,1,2,1,2,2,2,2,2,1,2,2,1,1,2,4,4,4,5,2,5,2,5,2,1,1,1,1,1,1,2,1,3,1,1,1,10,10,6,4,4,4,4,4,3,2,2,2,2,2,2,2,3,-4,3,3,4,1,1,2,2,2,2,1,2,1,1,1,1,1,-2,-4,-4,-4,-4,-4,-4,-4,-2,-4,-4,-4,-4,-4,-4,-4,-4,-4,-2,-2,-2,-2,-2,-2,-2,1,-2,-2,-2,0,0,0,0,0,0,0,0,0,0,0,0,0,0,0,0,0,0,0,0,0,0,0,0,1,1,1,10,10,1,6,2,2,2,2,2,1,4,2,4,2,2,1,0,0,2,0,0,2,1,4,2,-2,2,3,1,-2,1,1,2,1,4,2,2,1,1,1,2,2,2,1,2,2,3,3,4,10,10,10,10,10,10,3,1,1,2,2,1,1,3,2,1,1,2,2,4,10,10,1,1,1,10,1,1,10,10,1,1,1,1,1,1,10,1,1,4,4,4,4,3,2,1,5,1,5,5,5,5,1,3,2,2,3,2,3,2,3,3,3,3,4,4,-2,-2,-2,-2,1,1,-2,4,1,-2,4,1,1,1,1,1,1,4,1,4,-2,1,1,10,10,1,10,1,1,10,10,10,10,1,5,1,1,1,3,1,2,1967,51,4,3,2,-3,-3,-3,-3,724,ES,724,ES,724,ES,2,4,1,1270,1,3,1,20001,1,1,20001,1,1,20001,1,1,20001,1,1,1,8,6,7,2,2,2,4,5,2,1,10100000,20001,-4,-4,-4,-4,-4,-4,-4,-4,-4,-4,-4,-4,-4,-4,-4,-4,-4,-4,-4,-4,-4,-4,-4,-4,-4,-4,-4,-4,-4,-4,-4,-4,-4,-4,-4,-4,2,2,0,0.210111,0.526667,0,,0,0.077,0.66,0,0.333333,0.331111,1,0,0,0.333333,,0,0,0.099,0,0,1,0.333333,1,0.33,1,0.776667,1,0,1,0.666667,0.66,0,0.33,0.33,0.83,1,4,3,94,1,39,1,55,-9999,-9999,-9999,-9999,-9999,-9999,-9999,-9999,-9999,-9999,-9999,-9999,-9999,-9999,-9999,-9999,-9999,-9999,-9999,-9999,6,4,470,0,0,-9999,-9999,54509,65390,77142,-9999,0.18,87.98,-9999,4.4,-9999,-9999,-9999,100,100,86.12,469.38,6.07,-9999,-9999,-9999,10.32,3.2,-9999,10.2,0.708,10,-9999,-9999,46.43,0.857,0.935,-9999,0.951,0,0,91.6,107.3,-9999,0.96,-9999,-9999,-9999,-9999,-9999,-9999,-9999,-9999,-9999,-9999,-9999,-9999,-9999,-9999,-9999,-9999,-9999,-9999,-9999,-9999,-9999,-9999,-9999,-9999,-9999,-9999,-9999,-9999,-9999,-9999,-9999,-9999,-9999,-9999,-9999,-9999,-9999,-9999,-9999,-9999,-9999,-9999,1.11,1.6,1.9,1.23,1.57,1.23,,,No answer,,,,,,,,,,,,,,,,,,,,,,,,,,,,,,,,
6-0-0 (2024-04-30),doi.org/10.14281/18241.24,7,2018,2,20,AND,232,AND,20070007,20720007,20180721,201807,201809,17.3,18.15,44,2,20006,20006,-4,-3,20006,3,2,2,1,-4,1.49,42.47,-5,1270,es,1,1,-4,1,0.9960159,0.006844622,202018,1,2,1,4,1,2,1,2,2,1,2,1,1,2,2,1,2,2,2,2,2,2,2,2,2,2,1,1,4,4,2,1,5,2,5,2,5,2,1,5,3,3,1,5,2,1,2,1,2,1,10,5,4,2,3,4,2,2,1,2,2,2,2,4,3,3,3,-4,3,3,4,1,4,-2,3,4,4,2,-2,4,3,1,1,1,2,-4,-4,-4,-4,-4,-4,-4,2,-4,-4,-4,-4,-4,-4,-4,-4,-4,3,3,-2,-2,2,3,3,1,3,3,2,1,1,0,0,0,0,0,0,0,0,0,0,0,0,0,0,0,0,0,0,0,0,0,0,1,9,2,1,1,2,7,2,2,3,2,1,3,4,5,4,2,2,0,2,0,1,0,2,1,1,4,2,4,4,4,2,4,2,2,2,3,1,2,2,2,2,4,2,2,1,1,3,4,2,2,4,5,5,10,10,10,7,8,1,1,2,2,1,4,3,5,3,1,2,2,10,1,1,1,1,1,10,5,10,10,10,1,10,1,1,1,1,1,1,5,1,4,4,4,3,1,5,5,1,1,1,1,1,1,3,2,2,2,3,3,3,2,2,3,3,4,4,2,2,2,1,4,1,1,1,2,1,4,1,1,1,4,4,1,4,1,4,1,4,1,10,-2,1,10,1,1,10,7,5,4,1,5,1,1,1,1,1,2,1985,33,2,2,2,-3,-3,-3,-3,620,PT,620,PT,620,PT,2,2,1,3530,1,1,1,20001,1,1,20001,1,0,20000,1,0,20000,1,1,1,8,7,7,2,2,2,4,2,1,1,10100000,20001,-4,-4,-4,-4,-4,-4,-4,-4,-4,-4,-4,-4,-4,-4,-4,-4,-4,-4,-4,-4,-4,-4,-4,-4,-4,-4,-4,-4,-4,-4,-4,-4,-4,-4,-4,-4,4,3,0,0.201278,0.770833,0,,0,0.077,0.33,0,0.333333,0.221111,0,0,0,0,,0,1,0.507,0,0,1,0.333333,1,1,1,1,1,1,1,1,1,0.5,0.75,0.75,0.83,1,4,3,94,1,39,1,55,-9999,-9999,-9999,-9999,-9999,-9999,-9999,-9999,-9999,-9999,-9999,-9999,-9999,-9999,-9999,-9999,-9999,-9999,-9999,-9999,6,4,470,0,0,-9999,-9999,54509,65390,77142,-9999,0.18,87.98,-9999,4.4,-9999,-9999,-9999,100,100,86.12,469.38,6.07,-9999,-9999,-9999,10.32,3.2,-9999,10.2,0.708,10,-9999,-9999,46.43,0.857,0.935,-9999,0.951,0,0,91.6,107.3,-9999,0.96,-9999,-9999,-9999,-9999,-9999,-9999,-9999,-9999,-9999,-9999,-9999,-9999,-9999,-9999,-9999,-9999,-9999,-9999,-9999,-9999,-9999,-9999,-9999,-9999,-9999,-9999,-9999,-9999,-9999,-9999,-9999,-9999,-9999,-9999,-9999,-9999,-9999,-9999,-9999,-9999,-9999,-9999,1.11,1.6,1.9,1.23,1.57,1.23,,,I would not vote,,,,,,,,,,,,,,,,,,,,,,,,,,,,,,,,
6-0-0 (2024-04-30),doi.org/10.14281/18241.24,7,2018,2,20,AND,232,AND,20070008,20720008,20180703,201807,201809,18,19,60,2,20008,20007,-4,-3,20007,4,2,2,1,-4,1.54,42.51,-5,810,ca,1,2,-4,1,0.9960159,0.006844622,202018,1,1,1,1,1,3,1,2,1,1,2,2,1,2,2,2,1,2,2,2,1,2,1,1,2,2,2,3,4,4,4,4,5,2,1,1,1,1,3,5,5,-2,1,3,2,2,1,2,2,2,8,8,9,4,4,4,4,4,-2,2,2,2,3,3,3,3,4,-4,4,4,4,3,3,3,4,4,4,3,4,4,4,2,2,3,2,-4,-4,-4,-4,-4,-4,-4,2,-4,-4,-4,-4,-4,-4,-4,-4,-4,3,4,4,4,4,4,4,4,3,3,2,0,0,0,0,0,0,0,0,0,0,0,0,0,0,2,1,0,0,2,1,2,1,0,0,5,4,3,3,2,1,8,3,3,3,3,3,1,4,7,4,1,2,0,2,0,2,2,2,2,1,4,4,4,4,4,4,4,2,2,2,2,4,2,2,2,3,4,2,2,2,1,3,4,2,1,4,5,9,6,4,2,9,4,1,2,2,2,3,3,7,7,4,2,2,2,6,10,1,1,5,1,10,6,6,10,10,10,10,1,1,1,1,10,1,6,1,4,4,3,2,1,1,1,1,1,1,1,3,1,3,1,1,1,1,2,3,2,1,2,3,1,1,-2,-2,-2,1,4,1,1,1,1,1,3,1,1,1,2,4,1,4,1,4,8,1,1,10,10,1,10,1,-2,10,10,7,7,2,1,1,1,1,1,1,1,1963,55,5,3,2,2,0,2,0,724,ES,724,ES,724,ES,1,1,1,810,5,2,4,20004,2,-3,-3,-3,1,20001,1,1,20001,1,3,-3,4,-3,5,2,1,1,2,-2,-2,1,10100000,20001,-4,-4,-4,-4,-4,-4,-4,-4,-4,-4,-4,-4,-4,-4,-4,-4,-4,-4,-4,-4,-4,-4,-4,-4,-4,-4,-4,-4,-4,-4,-4,-4,-4,-4,-4,-4,3,3,-1,0.536692,0.650463,0.5,0,0.33,0.276667,0.66,1,1,0.886667,0,1,0,0.333333,,0.66,0.66,0.6501,0,0,0,0,1,1,1,1,1,0.555556,1,0.851852,1,0.5,0.75,0.75,0.915,1,4,3,94,1,39,1,55,-9999,-9999,-9999,-9999,-9999,-9999,-9999,-9999,-9999,-9999,-9999,-9999,-9999,-9999,-9999,-9999,-9999,-9999,-9999,-9999,6,4,470,0,0,-9999,-9999,54509,65390,77142,-9999,0.18,87.98,-9999,4.4,-9999,-9999,-9999,100,100,86.12,469.38,6.07,-9999,-9999,-9999,10.32,3.2,-9999,10.2,0.708,10,-9999,-9999,46.43,0.857,0.935,-9999,0.951,0,0,91.6,107.3,-9999,0.96,-9999,-9999,-9999,-9999,-9999,-9999,-9999,-9999,-9999,-9999,-9999,-9999,-9999,-9999,-9999,-9999,-9999,-9999,-9999,-9999,-9999,-9999,-9999,-9999,-9999,-9999,-9999,-9999,-9999,-9999,-9999,-9999,-9999,-9999,-9999,-9999,-9999,-9999,-9999,-9999,-9999,-9999,1.11,1.6,1.9,1.23,1.57,1.23,,,No answer,,,,,,,,,,,,,,,,,,,,,,,,,,,,,,,,
6-0-0 (2024-04-30),doi.org/10.14281/18241.24,7,2018,2,20,AND,232,AND,20070009,20720009,20180703,201807,201809,19,20.15,74,2,20008,20007,-4,-3,20007,4,2,2,1,-4,1.54,42.51,-5,810,ca,1,2,-4,1,0.9960159,0.006844622,202018,2,2,1,1,2,1,1,2,2,1,2,1,2,1,2,1,2,1,2,1,2,2,2,2,2,2,2,3,4,4,4,3,5,2,1,1,4,2,3,5,3,3,2,5,2,1,2,2,1,2,8,8,6,4,4,4,3,4,3,2,2,2,2,3,2,2,4,-4,3,3,3,2,3,3,3,3,3,1,3,3,3,1,3,1,3,-4,-4,-4,-4,-4,-4,-4,3,-4,-4,-4,-4,-4,-4,-4,-4,-4,3,3,3,1,3,2,3,9,2,3,2,0,0,0,0,0,0,0,0,0,0,0,0,0,0,0,0,0,0,0,0,0,0,0,0,8,6,6,5,5,1,5,2,2,2,1,2,2,0,5,3,1,2,0,0,0,2,0,1,3,1,4,2,4,4,4,3,4,2,2,2,1,4,2,2,4,4,4,1,2,2,1,3,4,2,1,4,5,8,8,8,8,8,5,1,2,2,2,4,3,6,7,4,2,2,2,5,9,1,1,5,1,8,8,5,5,7,1,8,1,1,1,1,8,1,5,4,4,4,3,2,1,1,5,1,5,5,5,2,2,3,1,3,1,3,2,1,3,3,3,3,4,4,20005,20005,20005,1,3,1,4,2,3,2,4,1,2,2,3,4,1,4,1,4,5,1,1,8,7,8,1,5,5,8,10,6,5,2,5,1,2,1,1,1,2,1978,40,3,2,2,2,0,2,0,620,PT,620,PT,620,PT,2,1,1,810,6,0,1,20001,1,-3,-3,-3,-2,-2,-2,-2,-2,-2,1,-3,4,-3,7,2,1,2,4,4,2,0,100000020,20001,-4,-4,-4,-4,-4,-4,-4,-4,-4,-4,-4,-4,-4,-4,-4,-4,-4,-4,-4,-4,-4,-4,-4,-4,-4,-4,-4,-4,-4,-4,-4,-4,-4,-4,-4,-4,3,3,1,0.468856,0.659722,0.5,,0.33,0.42179,0,1,0.833333,0.611111,0,1,0,0.333333,,0.33,0.66,0.50919,0,0,1,0.333333,1,1,1,1,0.777778,0.444444,0.444444,0.555556,1,0.5,0.75,0.75,0.83,1,4,3,94,1,39,1,55,-9999,-9999,-9999,-9999,-9999,-9999,-9999,-9999,-9999,-9999,-9999,-9999,-9999,-9999,-9999,-9999,-9999,-9999,-9999,-9999,6,4,470,0,0,-9999,-9999,54509,65390,77142,-9999,0.18,87.98,-9999,4.4,-9999,-9999,-9999,100,100,86.12,469.38,6.07,-9999,-9999,-9999,10.32,3.2,-9999,10.2,0.708,10,-9999,-9999,46.43,0.857,0.935,-9999,0.951,0,0,91.6,107.3,-9999,0.96,-9999,-9999,-9999,-9999,-9999,-9999,-9999,-9999,-9999,-9999,-9999,-9999,-9999,-9999,-9999,-9999,-9999,-9999,-9999,-9999,-9999,-9999,-9999,-9999,-9999,-9999,-9999,-9999,-9999,-9999,-9999,-9999,-9999,-9999,-9999,-9999,-9999,-9999,-9999,-9999,-9999,-9999,1.11,1.6,1.9,1.23,1.57,1.23,-999,-999,,,,,-999,-999,-999,-999,-999,-999,-999,-999,-999,-999,-999,-999,-999,-999,-999,-999,-999,3.899766714,2.816575639,66.96428571,-999,-999,-999,-999,-999,-999,-999,-999,-999
6-0-0 (2024-04-30),doi.org/10.14281/18241.24,7,2018,2,20,AND,232,AND,20070010,20720010,20180703,201807,201809,10.2,11,41,2,20008,20007,-4,-3,20007,4,2,2,1,-4,1.73,42.54,-5,810,ca,1,2,-4,1,0.9960159,0.006844622,202018,1,1,2,4,2,2,1,1,2,1,1,1,2,2,2,2,2,1,2,2,2,2,2,1,2,2,1,1,3,3,3,3,4,2,4,2,5,2,1,3,3,1,4,5,2,1,1,2,1,1,10,10,10,4,4,4,4,4,2,2,1,2,2,3,1,1,1,-4,2,3,4,1,3,2,4,4,3,2,3,2,2,3,3,-2,3,-4,-4,-4,-4,-4,-4,-4,3,-4,-4,-4,-4,-4,-4,-4,-4,-4,3,2,3,2,2,2,3,10,3,3,1,2,1,0,0,0,0,0,0,0,0,0,0,0,0,0,0,0,0,0,0,0,0,0,0,10,5,1,1,1,1,10,2,3,3,3,1,1,3,10,4,2,2,2,1,2,2,0,1,3,1,3,1,4,2,4,4,4,2,2,1,4,4,2,2,3,2,4,2,2,1,3,2,1,4,2,3,8,8,10,8,1,2,10,1,2,2,2,4,4,2,2,1,1,2,2,10,1,1,1,1,1,10,1,8,-2,8,1,8,1,3,3,1,3,1,8,1,4,4,4,3,1,2,5,4,4,4,1,2,2,3,1,3,1,3,1,3,1,3,3,3,4,4,2,2,2,2,4,4,4,1,2,4,4,1,1,1,4,4,1,2,2,4,5,1,1,10,6,1,1,1,1,10,5,5,7,1,5,1,1,1,1,1,2,1979,38,3,2,2,2,0,2,0,620,PT,620,PT,620,PT,2,3,1,9040,2,1,5,20005,3,3,20003,2,1,20001,1,1,20001,1,1,1,4,6,5,2,-2,1,3,6,2,1,10100000,20001,-4,-4,-4,-4,-4,-4,-4,-4,-4,-4,-4,-4,-4,-4,-4,-4,-4,-4,-4,-4,-4,-4,-4,-4,-4,-4,-4,-4,-4,-4,-4,-4,-4,-4,-4,-4,4,2,1,0.200709,0.808195,0.5,,0,0.269,0.33,0,0.166667,0.165556,0,0,0,0,,0,0.66,0.36828,1,1,1,1,0.75,0.66,0.66,0.69,1,0.777778,,0.877778,0.33,1,0.665,0.665,0.83,0.915,4,3,94,1,39,1,55,-9999,-9999,-9999,-9999,-9999,-9999,-9999,-9999,-9999,-9999,-9999,-9999,-9999,-9999,-9999,-9999,-9999,-9999,-9999,-9999,6,4,470,0,0,-9999,-9999,54509,65390,77142,-9999,0.18,87.98,-9999,4.4,-9999,-9999,-9999,100,100,86.12,469.38,6.07,-9999,-9999,-9999,10.32,3.2,-9999,10.2,0.708,10,-9999,-9999,46.43,0.857,0.935,-9999,0.951,0,0,91.6,107.3,-9999,0.96,-9999,-9999,-9999,-9999,-9999,-9999,-9999,-9999,-9999,-9999,-9999,-9999,-9999,-9999,-9999,-9999,-9999,-9999,-9999,-9999,-9999,-9999,-9999,-9999,-9999,-9999,-9999,-9999,-9999,-9999,-9999,-9999,-9999,-9999,-9999,-9999,-9999,-9999,-9999,-9999,-9999,-9999,1.11,1.6,1.9,1.23,1.57,1.23,,,I would not vote,,,,,,,,,,,,,,,,,,,,,,,,,,,,,,,,
6-0-0 (2024-04-30),doi.org/10.14281/18241.24,7,2018,2,20,AND,232,AND,20070011,20720011,20180703,201807,201809,-5,-5,-5,2,20003,20002,-4,-3,20002,3,2,2,1,-4,1.58,42.54,-5,810,ca,1,1,-4,1,0.9960159,0.006844622,202018,1,1,1,4,1,1,1,1,2,2,1,2,2,1,2,2,2,1,2,2,2,2,2,1,2,2,2,1,3,3,2,1,3,3,4,2,4,2,3,1,1,4,1,1,2,2,2,2,2,3,9,8,7,4,4,4,4,4,2,2,1,3,2,4,-2,2,4,-4,1,1,-2,1,2,2,4,2,2,1,2,1,2,1,1,3,2,-4,-4,-4,-4,-4,-4,-4,2,-4,-4,-4,-4,-4,-4,-4,-4,-4,2,2,2,2,2,1,1,7,3,3,2,0,0,0,0,0,0,0,0,0,0,0,0,0,0,0,0,0,0,0,0,0,0,0,0,8,7,2,1,7,1,2,1,1,1,1,1,2,3,6,5,2,2,0,0,0,2,1,0,3,2,4,4,4,4,4,4,4,2,2,2,3,1,2,2,2,1,2,2,2,1,4,1,2,4,2,3,8,7,9,8,2,9,10,1,2,2,2,3,3,7,4,3,1,2,2,5,1,1,1,1,1,7,1,4,8,4,1,4,1,3,1,1,4,1,1,1,4,4,4,3,1,1,5,1,5,1,1,5,1,1,1,1,3,1,1,1,1,2,1,2,1,1,2,2,2,1,4,2,4,2,1,4,4,2,2,1,1,1,4,4,1,4,6,9,2,9,9,2,1,5,9,10,10,8,9,2,1,1,1,1,1,1,1,1964,54,4,3,2,2,0,2,0,620,PT,620,PT,620,PT,2,2,1,3530,1,1,3,20003,2,1,20001,1,1,20001,1,1,20001,1,7,1,7,5,5,2,2,2,3,4,2,2,20000000,20001,-4,-4,-4,-4,-4,-4,-4,-4,-4,-4,-4,-4,-4,-4,-4,-4,-4,-4,-4,-4,-4,-4,-4,-4,-4,-4,-4,-4,-4,-4,-4,-4,-4,-4,-4,-4,4,3,2,0.21091,0.674815,0.5,0,0.33,0.276667,0,0,1,0.333333,0,0,0,0,,0,0.33,0.23364,1,1,1,1,0.5,0.66,0.66,0.606667,0.666667,0.333333,0.777778,0.592593,1,0,0.5,0.5,0.915,1,4,3,94,1,39,1,55,-9999,-9999,-9999,-9999,-9999,-9999,-9999,-9999,-9999,-9999,-9999,-9999,-9999,-9999,-9999,-9999,-9999,-9999,-9999,-9999,6,4,470,0,0,-9999,-9999,54509,65390,77142,-9999,0.18,87.98,-9999,4.4,-9999,-9999,-9999,100,100,86.12,469.38,6.07,-9999,-9999,-9999,10.32,3.2,-9999,10.2,0.708,10,-9999,-9999,46.43,0.857,0.935,-9999,0.951,0,0,91.6,107.3,-9999,0.96,-9999,-9999,-9999,-9999,-9999,-9999,-9999,-9999,-9999,-9999,-9999,-9999,-9999,-9999,-9999,-9999,-9999,-9999,-9999,-9999,-9999,-9999,-9999,-9999,-9999,-9999,-9999,-9999,-9999,-9999,-9999,-9999,-9999,-9999,-9999,-9999,-9999,-9999,-9999,-9999,-9999,-9999,1.11,1.6,1.9,1.23,1.57,1.23,,,I would not vote,,,,,,,,,,,,,,,,,,,,,,,,,,,,,,,,
6-0-0 (2024-04-30),doi.org/10.14281/18241.24,7,2018,2,20,AND,232,AND,20070012,20720012,20180703,201807,201809,-5,-5,-5,2,20005,20003,-4,-3,20003,2,1,2,1,-4,1.55,42.55,-5,1270,es,1,1,-4,1,0.9960159,0.006844622,202018,1,1,1,2,1,2,1,1,1,1,1,1,1,1,1,1,1,1,2,2,2,2,2,1,2,2,2,2,3,3,3,2,4,2,4,2,4,2,-2,2,2,2,2,4,2,3,1,1,1,1,8,8,8,4,4,4,4,4,3,1,1,2,2,2,2,2,2,-4,2,2,2,2,2,3,2,2,2,2,2,2,2,2,2,2,2,-4,-4,-4,-4,-4,-4,-4,2,-4,-4,-4,-4,-4,-4,-4,-4,-4,2,2,2,2,2,2,2,2,3,1,2,0,0,0,0,0,0,0,0,0,0,0,0,0,0,0,0,0,0,0,0,0,0,0,0,9,8,5,1,2,1,8,1,2,1,1,1,1,3,2,5,2,2,0,0,0,1,0,0,2,1,4,4,4,4,4,4,4,2,2,2,2,2,2,2,2,2,2,1,2,1,3,1,2,4,2,3,8,7,8,6,2,6,8,1,1,1,1,3,3,3,3,2,1,2,2,7,1,1,1,1,5,1,3,7,5,1,1,1,1,1,1,1,1,1,1,1,4,4,1,1,1,1,1,5,5,5,5,2,1,3,1,2,1,1,1,3,1,1,1,3,1,1,20006,20006,20006,1,4,1,3,1,1,4,4,1,1,1,5,4,4,4,1,4,5,10,6,10,8,1,10,10,10,10,10,8,8,1,2,1,1,1,1,1,1,1979,39,3,2,2,2,0,2,0,170,CO,170,CO,170,CO,2,4,1,810,1,2,7,20007,3,7,20007,3,6,20006,3,6,20006,3,7,1,5,1,1,2,2,1,2,10,3,1,10100000,20999,-4,-4,-4,-4,-4,-4,-4,-4,-4,-4,-4,-4,-4,-4,-4,-4,-4,-4,-4,-4,-4,-4,-4,-4,-4,-4,-4,-4,-4,-4,-4,-4,-4,-4,-4,-4,5,3,0,0.287249,0.681759,0,0.33,0.33,0.22,0.33,0,0.333333,0.221111,0,0,1,0.333333,,0.33,0.33,0.37455,1,1,0,0.666667,0.75,0.66,0.66,0.69,0,0.666667,0.444444,0.37037,1,1,1,1,0.915,1,4,3,94,1,39,1,55,-9999,-9999,-9999,-9999,-9999,-9999,-9999,-9999,-9999,-9999,-9999,-9999,-9999,-9999,-9999,-9999,-9999,-9999,-9999,-9999,6,4,470,0,0,-9999,-9999,54509,65390,77142,-9999,0.18,87.98,-9999,4.4,-9999,-9999,-9999,100,100,86.12,469.38,6.07,-9999,-9999,-9999,10.32,3.2,-9999,10.2,0.708,10,-9999,-9999,46.43,0.857,0.935,-9999,0.951,0,0,91.6,107.3,-9999,0.96,-9999,-9999,-9999,-9999,-9999,-9999,-9999,-9999,-9999,-9999,-9999,-9999,-9999,-9999,-9999,-9999,-9999,-9999,-9999,-9999,-9999,-9999,-9999,-9999,-9999,-9999,-9999,-9999,-9999,-9999,-9999,-9999,-9999,-9999,-9999,-9999,-9999,-9999,-9999,-9999,-9999,-9999,1.11,1.6,1.9,1.23,1.57,1.23,-999,-999,,,,,-999,-999,-999,-999,-999,-999,-999,-999,-999,-999,-999,-999,-999,-999,-999,-999,-999,4.212072394,2.543113722,66.43518519,-999,-999,-999,-999,-999,-999,-999,-999,-999
6-0-0 (2024-04-30),doi.org/10.14281/18241.24,7,2018,2,20,AND,232,AND,20070013,20720013,20180722,201807,201809,17,18.05,65,2,20006,20006,-4,-3,20006,3,2,2,1,-4,1.49,42.47,-5,810,ca,1,1,-4,1,0.9960159,0.006844622,202018,1,2,2,3,2,4,1,1,2,2,2,1,1,1,2,2,2,2,2,2,2,2,2,2,2,2,1,1,4,4,4,2,5,2,3,3,4,2,1,5,2,1,1,5,2,2,3,2,1,1,10,10,10,4,4,4,4,4,1,2,1,2,1,4,2,2,3,-4,3,3,3,1,1,2,4,4,2,2,-2,3,1,2,2,2,2,-4,-4,-4,-4,-4,-4,-4,2,-4,-4,-4,-4,-4,-4,-4,-4,-4,2,2,2,2,3,2,2,1,3,3,2,1,1,0,0,0,0,0,0,0,0,0,0,0,0,0,0,0,0,0,0,0,0,0,0,5,3,5,1,2,1,10,3,3,4,2,1,1,4,2,4,0,2,0,1,0,2,2,2,2,1,3,2,2,3,2,2,3,2,2,2,2,2,2,2,3,3,4,1,2,1,1,3,2,4,1,2,9,7,8,8,10,7,1,2,2,2,2,1,1,7,8,4,2,2,1,7,1,1,1,1,1,10,10,10,10,10,10,10,1,1,1,1,10,1,10,4,4,4,4,2,1,1,2,1,1,1,4,4,1,3,2,2,1,2,1,3,2,1,1,1,4,4,20001,20001,20001,2,1,4,2,2,4,1,4,3,4,1,4,4,2,4,1,4,5,8,1,10,9,1,10,6,8,10,7,5,1,2,5,1,1,1,1,1,2,1973,44,3,2,2,2,0,2,0,620,PT,620,PT,620,PT,2,3,1,9040,2,1,1,20001,1,1,20001,1,1,20001,1,1,20001,1,1,1,5,5,5,2,2,1,4,5,2,1,10100000,20001,-4,-4,-4,-4,-4,-4,-4,-4,-4,-4,-4,-4,-4,-4,-4,-4,-4,-4,-4,-4,-4,-4,-4,-4,-4,-4,-4,-4,-4,-4,-4,-4,-4,-4,-4,-4,4,3,2,0.342,0.854167,0.5,,0,0.269,1,1,1,1,0,0,0,0,,0,0,0.099,1,0,1,0.666667,1,1,1,1,1,1,1,1,1,0.5,0.75,0.75,0.83,1,4,3,94,1,39,1,55,-9999,-9999,-9999,-9999,-9999,-9999,-9999,-9999,-9999,-9999,-9999,-9999,-9999,-9999,-9999,-9999,-9999,-9999,-9999,-9999,6,4,470,0,0,-9999,-9999,54509,65390,77142,-9999,0.18,87.98,-9999,4.4,-9999,-9999,-9999,100,100,86.12,469.38,6.07,-9999,-9999,-9999,10.32,3.2,-9999,10.2,0.708,10,-9999,-9999,46.43,0.857,0.935,-9999,0.951,0,0,91.6,107.3,-9999,0.96,-9999,-9999,-9999,-9999,-9999,-9999,-9999,-9999,-9999,-9999,-9999,-9999,-9999,-9999,-9999,-9999,-9999,-9999,-9999,-9999,-9999,-9999,-9999,-9999,-9999,-9999,-9999,-9999,-9999,-9999,-9999,-9999,-9999,-9999,-9999,-9999,-9999,-9999,-9999,-9999,-9999,-9999,1.11,1.6,1.9,1.23,1.57,1.23,-999,-999,,,,,-999,-999,-999,-999,-999,-999,-999,-999,-999,-999,-999,-999,-999,-999,-999,-999,-999,5.944634375,3.908421148,62.43421053,-999,-999,-999,-999,-999,-999,-999,-999,-999
6-0-0 (2024-04-30),doi.org/10.14281/18241.24,7,2018,2,20,AND,232,AND,20070014,20720014,20180702,201807,201809,16.3,17.45,75,2,20003,20002,-4,-3,20002,3,2,2,1,-4,1.58,42.54,-5,810,ca,1,1,-4,1,0.9960159,0.006844622,202018,1,1,1,3,1,3,2,1,2,1,1,1,2,2,2,1,2,2,2,2,2,2,2,2,2,2,2,3,4,4,4,1,5,2,5,2,3,3,1,5,4,3,3,4,2,1,2,2,2,2,7,7,5,4,4,4,4,4,3,2,1,2,1,2,1,1,2,-4,3,3,3,1,1,1,3,1,1,2,2,2,3,2,2,2,2,-4,-4,-4,-4,-4,-4,-4,2,-4,-4,-4,-4,-4,-4,-4,-4,-4,2,2,2,2,2,2,2,5,3,3,2,1,1,0,0,0,0,0,0,0,0,0,0,2,1,2,1,0,0,0,0,0,0,0,0,6,5,6,2,5,1,1,1,1,1,1,1,1,4,5,5,1,2,1,2,0,1,1,1,3,1,3,3,4,4,4,4,4,2,2,2,3,3,2,2,4,3,4,1,1,1,1,3,1,2,1,2,7,5,5,3,5,6,6,1,2,2,2,4,4,4,8,4,1,2,2,10,1,1,1,1,1,10,4,10,10,10,3,10,1,1,1,1,10,1,1,1,4,4,3,2,1,3,1,5,5,1,1,2,1,2,2,2,1,2,2,2,1,2,2,2,1,1,5,5,5,1,4,3,2,3,1,4,4,1,1,1,1,4,2,4,1,4,5,1,1,10,10,1,10,1,1,10,10,9,7,1,1,1,1,2,2,2,2,1965,53,4,3,1,1,1,2,0,20,AD,20,AD,724,ES,1,4,2,810,1,2,6,20006,3,6,20006,3,6,20006,3,1,20001,1,1,1,1,1,7,2,2,2,2,5,2,1,10100000,20001,-4,-4,-4,-4,-4,-4,-4,-4,-4,-4,-4,-4,-4,-4,-4,-4,-4,-4,-4,-4,-4,-4,-4,-4,-4,-4,-4,-4,-4,-4,-4,-4,-4,-4,-4,-4,3,2,1,0.190583,0.85375,0.5,0,0.33,0.276667,0.66,0,0.5,0.386667,0,0,0,0,,0,0,0.099,1,1,1,1,1,1,1,1,1,1,1,1,0.33,0.5,0.415,0.415,0.915,1,4,3,94,1,39,1,55,-9999,-9999,-9999,-9999,-9999,-9999,-9999,-9999,-9999,-9999,-9999,-9999,-9999,-9999,-9999,-9999,-9999,-9999,-9999,-9999,6,4,470,0,0,-9999,-9999,54509,65390,77142,-9999,0.18,87.98,-9999,4.4,-9999,-9999,-9999,100,100,86.12,469.38,6.07,-9999,-9999,-9999,10.32,3.2,-9999,10.2,0.708,10,-9999,-9999,46.43,0.857,0.935,-9999,0.951,0,0,91.6,107.3,-9999,0.96,-9999,-9999,-9999,-9999,-9999,-9999,-9999,-9999,-9999,-9999,-9999,-9999,-9999,-9999,-9999,-9999,-9999,-9999,-9999,-9999,-9999,-9999,-9999,-9999,-9999,-9999,-9999,-9999,-9999,-9999,-9999,-9999,-9999,-9999,-9999,-9999,-9999,-9999,-9999,-9999,-9999,-9999,1.11,1.6,1.9,1.23,1.57,1.23,,,Other,,,,,,,,,,,,,,,,,,,,,,,,,,,,,,,,
6-0-0 (2024-04-30),doi.org/10.14281/18241.24,7,2018,2,20,AND,232,AND,20070015,20720015,20180722,201807,201809,10,10.45,45,2,20006,20006,-4,-3,20006,3,2,2,1,-4,1.49,42.47,-5,1270,es,1,1,-4,1,0.9960159,0.006844622,202018,1,3,1,4,1,2,1,1,2,1,2,1,2,2,2,1,2,1,1,1,2,2,2,1,2,2,1,1,2,4,4,3,5,2,5,2,1,1,1,1,1,1,1,1,2,3,2,1,3,2,10,10,3,3,3,2,2,3,3,2,1,3,1,2,2,2,4,-4,3,1,1,1,3,1,2,2,3,3,3,1,3,2,2,2,4,-4,-4,-4,-4,-4,-4,-4,4,-4,-4,-4,-4,-4,-4,-4,-4,-4,4,4,2,4,4,1,1,1,-2,1,2,2,1,0,0,0,0,0,0,0,0,0,0,0,0,0,0,0,0,0,0,0,0,0,0,8,9,1,8,2,1,10,3,3,3,3,1,3,4,5,5,2,2,2,-2,2,2,2,2,2,1,4,4,4,4,3,2,4,2,2,2,2,1,2,2,2,2,2,1,2,1,3,1,3,1,1,4,10,9,9,9,10,9,8,1,2,2,1,1,1,3,1,1,1,2,2,7,1,1,1,1,1,10,1,10,10,5,1,10,1,1,1,1,10,1,10,1,4,4,4,3,5,1,5,1,5,1,1,1,2,3,2,2,1,1,1,1,1,1,1,1,4,4,2,2,2,1,4,3,3,1,1,3,4,1,1,1,5,-2,1,4,1,4,-2,10,8,10,10,10,10,10,-2,10,10,-2,10,1,5,1,1,1,1,1,2,1974,43,3,2,2,-3,-3,-3,-3,724,ES,724,ES,724,ES,2,3,1,9000,4,3,1,20001,1,-3,-3,-3,0,20000,1,0,20000,1,1,-3,4,-3,7,2,1,1,4,3,1,1,10100000,20001,-4,-4,-4,-4,-4,-4,-4,-4,-4,-4,-4,-4,-4,-4,-4,-4,-4,-4,-4,-4,-4,-4,-4,-4,-4,-4,-4,-4,-4,-4,-4,-4,-4,-4,-4,-4,1,1,1,0.166598,0.735833,0,,0,0.077,0.33,0,0.333333,0.221111,0,0,0,0,,0,0.66,0.36828,1,0,1,0.666667,1,0.33,1,0.776667,1,1,1,1,0,1,0.5,0.5,0.83,1,4,3,94,1,39,1,55,-9999,-9999,-9999,-9999,-9999,-9999,-9999,-9999,-9999,-9999,-9999,-9999,-9999,-9999,-9999,-9999,-9999,-9999,-9999,-9999,6,4,470,0,0,-9999,-9999,54509,65390,77142,-9999,0.18,87.98,-9999,4.4,-9999,-9999,-9999,100,100,86.12,469.38,6.07,-9999,-9999,-9999,10.32,3.2,-9999,10.2,0.708,10,-9999,-9999,46.43,0.857,0.935,-9999,0.951,0,0,91.6,107.3,-9999,0.96,-9999,-9999,-9999,-9999,-9999,-9999,-9999,-9999,-9999,-9999,-9999,-9999,-9999,-9999,-9999,-9999,-9999,-9999,-9999,-9999,-9999,-9999,-9999,-9999,-9999,-9999,-9999,-9999,-9999,-9999,-9999,-9999,-9999,-9999,-9999,-9999,-9999,-9999,-9999,-9999,-9999,-9999,1.11,1.6,1.9,1.23,1.57,1.23,,,I would not vote,,,,,,,,,,,,,,,,,,,,,,,,,,,,,,,,
6-0-0 (2024-04-30),doi.org/10.14281/18241.24,7,2018,2,20,AND,232,AND,20070016,20720016,20180715,201807,201809,18.5,19.5,60,2,20007,20005,-4,-3,20005,5,3,1,1,-4,1.49,42.47,-5,810,ca,1,1,-4,1,0.9960159,0.006844622,202018,1,3,2,4,1,2,1,1,2,2,2,1,2,2,1,2,1,1,2,2,2,2,2,1,2,2,1,1,4,4,4,1,5,2,5,2,5,2,1,5,1,1,1,5,2,1,2,3,2,1,3,1,3,3,4,4,2,4,3,2,1,3,2,4,2,2,2,-4,4,4,4,4,4,4,4,4,2,2,4,2,3,2,2,4,3,-4,-4,-4,-4,-4,-4,-4,3,-4,-4,-4,-4,-4,-4,-4,-4,-4,1,3,4,3,4,2,4,5,3,3,2,2,1,2,1,0,0,0,0,0,0,1,1,1,1,1,1,1,1,1,1,1,1,0,0,10,1,10,10,1,1,10,4,4,4,4,3,3,4,10,4,0,2,2,2,2,2,2,2,3,1,3,2,1,2,1,2,3,2,2,2,2,1,2,2,2,2,4,1,2,1,1,3,1,3,1,4,10,10,10,10,7,4,10,1,1,2,1,4,4,6,3,2,1,2,2,1,1,5,3,1,1,10,5,1,10,10,6,10,1,6,1,1,10,1,5,4,4,4,4,3,5,1,5,5,2,1,3,1,2,3,3,3,3,3,3,3,3,3,3,3,4,4,2,2,2,4,1,3,1,-2,-2,-2,-2,-2,-2,1,5,4,1,4,2,4,3,8,1,10,7,1,9,8,8,10,10,5,1,4,5,1,1,4,1,1,1,1984,33,2,2,1,2,0,2,0,20,AD,724,ES,724,ES,2,3,2,810,6,0,1,20001,1,-3,-3,-3,2,20002,1,1,20001,1,1,-3,7,-3,5,2,2,2,4,2,1,1,10100000,20001,-4,-4,-4,-4,-4,-4,-4,-4,-4,-4,-4,-4,-4,-4,-4,-4,-4,-4,-4,-4,-4,-4,-4,-4,-4,-4,-4,-4,-4,-4,-4,-4,-4,-4,-4,-4,1,1,-1,0.529028,0.5625,1,,0,0.461,0.33,0,0.833333,0.387778,1,0,0,0.333333,,1,1,0.934,1,0,0,0.333333,1,1,1,1,1,0,1,0.666667,0,0.5,0.25,0.25,0.83,1,4,3,94,1,39,1,55,-9999,-9999,-9999,-9999,-9999,-9999,-9999,-9999,-9999,-9999,-9999,-9999,-9999,-9999,-9999,-9999,-9999,-9999,-9999,-9999,6,4,470,0,0,-9999,-9999,54509,65390,77142,-9999,0.18,87.98,-9999,4.4,-9999,-9999,-9999,100,100,86.12,469.38,6.07,-9999,-9999,-9999,10.32,3.2,-9999,10.2,0.708,10,-9999,-9999,46.43,0.857,0.935,-9999,0.951,0,0,91.6,107.3,-9999,0.96,-9999,-9999,-9999,-9999,-9999,-9999,-9999,-9999,-9999,-9999,-9999,-9999,-9999,-9999,-9999,-9999,-9999,-9999,-9999,-9999,-9999,-9999,-9999,-9999,-9999,-9999,-9999,-9999,-9999,-9999,-9999,-9999,-9999,-9999,-9999,-9999,-9999,-9999,-9999,-9999,-9999,-9999,1.11,1.6,1.9,1.23,1.57,1.23,,,I would not vote,,,,,,,,,,,,,,,,,,,,,,,,,,,,,,,,
6-0-0 (2024-04-30),doi.org/10.14281/18241.24,7,2018,2,20,AND,232,AND,20070017,20720017,20180715,201807,201809,18,18.5,50,2,20006,20006,-4,-3,20006,3,2,2,1,-4,1.49,42.47,-5,810,ca,1,1,-4,1,0.9960159,0.006844622,202018,1,2,2,4,1,4,1,2,1,2,2,1,2,1,2,1,2,1,2,2,2,2,2,1,2,2,4,4,4,4,4,4,5,2,-2,-2,3,3,1,5,3,2,1,5,2,2,2,2,2,2,7,8,4,2,4,2,2,4,1,2,1,4,1,2,2,2,4,-4,3,3,4,1,1,4,4,3,2,4,4,3,3,3,2,3,3,-4,-4,-4,-4,-4,-4,-4,3,-4,-4,-4,-4,-4,-4,-4,-4,-4,3,4,2,3,2,3,3,5,2,3,2,0,0,2,1,0,0,0,0,0,0,0,0,0,0,0,0,0,0,0,0,0,0,0,0,10,5,6,5,4,1,7,2,3,2,2,4,2,3,4,5,1,2,1,2,1,2,2,2,3,1,3,2,2,4,2,3,4,2,2,2,2,3,2,1,1,2,4,2,2,1,3,1,4,1,4,3,5,4,4,1,1,6,1,2,2,2,2,1,4,7,8,4,3,2,2,5,1,1,1,1,1,10,5,5,10,10,1,7,1,4,5,1,10,1,1,4,4,4,4,2,5,2,5,1,5,2,1,2,1,3,2,2,1,1,1,3,1,1,2,3,3,3,2,2,2,1,4,1,4,2,2,2,4,1,3,1,3,4,4,4,1,4,-2,9,1,10,10,1,10,6,8,10,10,7,7,1,2,4,4,1,3,3,1,1996,21,1,1,1,2,0,2,0,20,AD,620,PT,620,PT,1,4,2,9040,6,0,1,20001,1,-3,-3,-3,0,20000,1,0,20000,1,1,-3,5,-3,8,2,-2,3,4,2,1,0,100000020,20001,-4,-4,-4,-4,-4,-4,-4,-4,-4,-4,-4,-4,-4,-4,-4,-4,-4,-4,-4,-4,-4,-4,-4,-4,-4,-4,-4,-4,-4,-4,-4,-4,-4,-4,-4,-4,3,2,1,0.42725,0.744537,0.5,0.33,1,0.61,1,1,1,1,0,0,0,0,,0,0,0.099,0,0,1,0.333333,1,1,1,1,1,0.444444,1,0.814815,0.66,1,0.83,0.83,0.915,1,4,3,94,1,39,1,55,-9999,-9999,-9999,-9999,-9999,-9999,-9999,-9999,-9999,-9999,-9999,-9999,-9999,-9999,-9999,-9999,-9999,-9999,-9999,-9999,6,4,470,0,0,-9999,-9999,54509,65390,77142,-9999,0.18,87.98,-9999,4.4,-9999,-9999,-9999,100,100,86.12,469.38,6.07,-9999,-9999,-9999,10.32,3.2,-9999,10.2,0.708,10,-9999,-9999,46.43,0.857,0.935,-9999,0.951,0,0,91.6,107.3,-9999,0.96,-9999,-9999,-9999,-9999,-9999,-9999,-9999,-9999,-9999,-9999,-9999,-9999,-9999,-9999,-9999,-9999,-9999,-9999,-9999,-9999,-9999,-9999,-9999,-9999,-9999,-9999,-9999,-9999,-9999,-9999,-9999,-9999,-9999,-9999,-9999,-9999,-9999,-9999,-9999,-9999,-9999,-9999,1.11,1.6,1.9,1.23,1.57,1.23,,,I would not vote,,,,,,,,,,,,,,,,,,,,,,,,,,,,,,,,
6-0-0 (2024-04-30),doi.org/10.14281/18241.24,7,2018,2,20,AND,232,AND,20070018,20720018,20180703,201807,201809,10,11.05,65,2,20003,20002,-4,-3,20002,3,2,2,1,-4,1.58,42.54,-5,1270,es,1,1,-4,1,0.9960159,0.006844622,202018,1,3,1,4,1,2,1,2,1,1,1,2,2,2,2,1,2,2,2,2,2,2,2,2,2,2,2,4,4,4,4,4,5,2,1,1,5,2,1,5,5,5,5,5,1,3,3,3,2,2,10,8,8,4,4,4,4,4,3,2,1,3,1,3,2,2,3,-4,4,4,4,2,4,4,4,4,4,3,4,3,4,4,4,4,4,-4,-4,-4,-4,-4,-4,-4,4,-4,-4,-4,-4,-4,-4,-4,-4,-4,4,4,4,4,4,4,4,1,3,3,2,0,0,0,0,0,0,0,0,0,0,0,0,0,0,0,0,0,0,0,0,0,0,0,0,10,5,10,5,10,1,8,-2,-2,-2,-2,-2,-2,3,2,4,0,2,0,0,0,2,0,0,2,1,4,4,4,4,4,4,4,2,2,2,4,4,2,2,4,4,4,2,1,1,3,1,2,1,1,4,10,5,10,10,10,5,5,1,1,2,2,4,4,7,3,2,1,2,2,5,1,1,1,1,1,10,1,10,10,10,1,5,1,1,1,1,5,1,1,4,4,4,4,3,1,1,5,5,5,5,5,2,1,2,1,1,1,3,3,3,3,3,3,3,4,4,2,2,2,-2,4,4,1,4,4,1,4,4,4,1,4,4,2,4,1,4,1,1,1,10,10,1,10,1,1,10,10,5,5,2,2,1,3,2,4,4,2,1957,61,5,3,2,2,0,2,0,724,ES,724,ES,724,ES,2,2,1,1270,1,2,3,20003,2,5,20005,3,1,20001,1,1,20001,1,1,1,4,9,8,2,2,1,4,5,2,1,10100000,20001,-4,-4,-4,-4,-4,-4,-4,-4,-4,-4,-4,-4,-4,-4,-4,-4,-4,-4,-4,-4,-4,-4,-4,-4,-4,-4,-4,-4,-4,-4,-4,-4,-4,-4,-4,-4,2,2,0,0.411144,0.874167,1,0.33,0.33,0.553333,0.33,0,1,0.443333,0,0,0,0,,0.33,1,0.64791,0,1,1,0.666667,1,1,1,1,1,1,1,1,0.66,1,0.83,0.83,0.915,1,4,3,94,1,39,1,55,-9999,-9999,-9999,-9999,-9999,-9999,-9999,-9999,-9999,-9999,-9999,-9999,-9999,-9999,-9999,-9999,-9999,-9999,-9999,-9999,6,4,470,0,0,-9999,-9999,54509,65390,77142,-9999,0.18,87.98,-9999,4.4,-9999,-9999,-9999,100,100,86.12,469.38,6.07,-9999,-9999,-9999,10.32,3.2,-9999,10.2,0.708,10,-9999,-9999,46.43,0.857,0.935,-9999,0.951,0,0,91.6,107.3,-9999,0.96,-9999,-9999,-9999,-9999,-9999,-9999,-9999,-9999,-9999,-9999,-9999,-9999,-9999,-9999,-9999,-9999,-9999,-9999,-9999,-9999,-9999,-9999,-9999,-9999,-9999,-9999,-9999,-9999,-9999,-9999,-9999,-9999,-9999,-9999,-9999,-9999,-9999,-9999,-9999,-9999,-9999,-9999,1.11,1.6,1.9,1.23,1.57,1.23,,,I would not vote,,,,,,,,,,,,,,,,,,,,,,,,,,,,,,,,
6-0-0 (2024-04-30),doi.org/10.14281/18241.24,7,2018,2,20,AND,232,AND,20070019,20720019,20180702,201807,201809,17,18.15,74,2,20003,20002,-4,-3,20002,3,2,2,1,-4,1.58,42.53,-5,810,ca,1,1,-4,1,0.9960159,0.006844622,202018,1,1,1,1,1,1,1,1,1,1,1,1,1,1,1,1,1,1,2,2,2,2,2,1,2,2,2,3,4,4,4,2,5,2,2,1,5,2,3,2,2,3,3,2,2,3,1,2,1,2,9,8,6,4,4,4,4,4,2,2,1,3,2,3,2,2,1,-4,1,2,3,1,2,2,2,2,2,1,2,2,2,2,2,2,2,-4,-4,-4,-4,-4,-4,-4,2,-4,-4,-4,-4,-4,-4,-4,-4,-4,2,3,2,2,3,1,3,2,3,1,2,0,0,2,1,2,1,0,0,0,0,0,0,2,1,0,0,0,0,2,1,0,0,0,0,9,7,5,1,5,3,2,2,2,2,1,1,1,4,8,5,2,2,0,0,0,2,0,0,2,1,4,4,4,4,4,4,4,2,2,2,1,1,2,2,3,1,4,1,1,1,3,1,3,2,3,1,8,8,6,6,2,7,10,1,1,1,1,3,3,2,2,1,1,2,2,6,1,1,1,1,1,6,1,1,7,6,1,3,1,1,1,1,1,1,1,1,4,4,1,-2,1,2,5,5,2,2,5,2,1,2,1,3,1,3,1,1,1,1,1,1,2,2,20006,20006,20006,1,4,4,4,2,1,4,4,2,1,1,1,4,4,4,1,3,7,10,4,10,10,1,10,10,10,10,10,8,8,2,1,1,1,1,1,1,2,1971,47,4,2,2,2,0,2,0,170,CO,170,CO,170,CO,1,2,1,1270,4,1,7,20007,3,-3,-3,-3,6,20006,3,7,20007,3,1,-3,1,-3,1,1,1,3,2,7,2,1,10100000,20999,-4,-4,-4,-4,-4,-4,-4,-4,-4,-4,-4,-4,-4,-4,-4,-4,-4,-4,-4,-4,-4,-4,-4,-4,-4,-4,-4,-4,-4,-4,-4,-4,-4,-4,-4,-4,3,2,0,0.141466,0.684769,0.5,0,0.33,0.276667,0,0,0.166667,0.055556,0,0,0,0,,0,0.33,0.23364,1,1,0,0.666667,1,1,1,1,0.555556,0,0.666667,0.407407,0.33,1,0.665,0.665,0.915,1,4,3,94,1,39,1,55,-9999,-9999,-9999,-9999,-9999,-9999,-9999,-9999,-9999,-9999,-9999,-9999,-9999,-9999,-9999,-9999,-9999,-9999,-9999,-9999,6,4,470,0,0,-9999,-9999,54509,65390,77142,-9999,0.18,87.98,-9999,4.4,-9999,-9999,-9999,100,100,86.12,469.38,6.07,-9999,-9999,-9999,10.32,3.2,-9999,10.2,0.708,10,-9999,-9999,46.43,0.857,0.935,-9999,0.951,0,0,91.6,107.3,-9999,0.96,-9999,-9999,-9999,-9999,-9999,-9999,-9999,-9999,-9999,-9999,-9999,-9999,-9999,-9999,-9999,-9999,-9999,-9999,-9999,-9999,-9999,-9999,-9999,-9999,-9999,-9999,-9999,-9999,-9999,-9999,-9999,-9999,-9999,-9999,-9999,-9999,-9999,-9999,-9999,-9999,-9999,-9999,1.11,1.6,1.9,1.23,1.57,1.23,-999,-999,,,,,-999,-999,-999,-999,-999,-999,-999,-999,-999,-999,-999,-999,-999,-999,-999,-999,-999,4.212072394,2.543113722,66.43518519,-999,-999,-999,-999,-999,-999,-999,-999,-999
